<?xml version="1.0" encoding="UTF-8" standalone="no"?>
<document type="com.apple.InterfaceBuilder3.CocoaTouch.Storyboard.XIB" version="3.0" toolsVersion="11762" systemVersion="15G31" targetRuntime="iOS.CocoaTouch" propertyAccessControl="none" useAutolayout="YES" useTraitCollections="YES" colorMatched="YES" initialViewController="81j-aD-GrS">
    <device id="retina4_7" orientation="portrait">
        <adaptation id="fullscreen"/>
    </device>
    <dependencies>
        <deployment identifier="iOS"/>
        <plugIn identifier="com.apple.InterfaceBuilder.IBCocoaTouchPlugin" version="11757"/>
        <capability name="documents saved in the Xcode 8 format" minToolsVersion="8.0"/>
    </dependencies>
    <scenes>
        <!--Country Manage-->
        <scene sceneID="6kH-xA-6VJ">
            <objects>
                <tableViewController storyboardIdentifier="CountryTableView" id="IZN-Y3-Nhm" customClass="CountryTableViewController" customModule="sqliteDemo" customModuleProvider="target" sceneMemberID="viewController">
                    <tableView key="view" clipsSubviews="YES" contentMode="scaleToFill" alwaysBounceVertical="YES" dataMode="prototypes" style="plain" separatorStyle="default" rowHeight="44" sectionHeaderHeight="28" sectionFooterHeight="28" id="eHv-hl-yo2">
                        <rect key="frame" x="0.0" y="0.0" width="375" height="667"/>
                        <autoresizingMask key="autoresizingMask" widthSizable="YES" heightSizable="YES"/>
                        <color key="backgroundColor" white="1" alpha="1" colorSpace="calibratedWhite"/>
                        <prototypes>
                            <tableViewCell clipsSubviews="YES" contentMode="scaleToFill" selectionStyle="default" indentationWidth="10" reuseIdentifier="country" textLabel="ca5-5G-GYX" detailTextLabel="yNc-oc-hAR" style="IBUITableViewCellStyleValue1" id="yl6-Yr-Cf7">
                                <rect key="frame" x="0.0" y="28" width="375" height="44"/>
                                <autoresizingMask key="autoresizingMask"/>
                                <tableViewCellContentView key="contentView" opaque="NO" clipsSubviews="YES" multipleTouchEnabled="YES" contentMode="center" tableViewCell="yl6-Yr-Cf7" id="Y8C-Uc-eEb">
                                    <rect key="frame" x="0.0" y="0.0" width="375" height="43"/>
                                    <autoresizingMask key="autoresizingMask"/>
                                    <subviews>
                                        <label opaque="NO" multipleTouchEnabled="YES" contentMode="left" text="Title" textAlignment="natural" lineBreakMode="tailTruncation" baselineAdjustment="alignBaselines" adjustsFontSizeToFit="NO" id="ca5-5G-GYX">
                                            <rect key="frame" x="15" y="11" width="34" height="21"/>
                                            <autoresizingMask key="autoresizingMask"/>
                                            <fontDescription key="fontDescription" type="system" pointSize="17"/>
                                            <nil key="textColor"/>
                                            <nil key="highlightedColor"/>
                                        </label>
                                        <label opaque="NO" multipleTouchEnabled="YES" contentMode="left" text="Subtitle" textAlignment="right" lineBreakMode="tailTruncation" baselineAdjustment="alignBaselines" adjustsFontSizeToFit="NO" id="yNc-oc-hAR">
                                            <rect key="frame" x="301" y="11" width="59" height="21"/>
                                            <autoresizingMask key="autoresizingMask"/>
                                            <fontDescription key="fontDescription" type="system" pointSize="17"/>
                                            <nil key="textColor"/>
                                            <nil key="highlightedColor"/>
                                        </label>
                                    </subviews>
                                </tableViewCellContentView>
                            </tableViewCell>
                        </prototypes>
                        <connections>
                            <outlet property="dataSource" destination="IZN-Y3-Nhm" id="ArG-N0-gyd"/>
                            <outlet property="delegate" destination="IZN-Y3-Nhm" id="451-UD-7Zj"/>
                        </connections>
                    </tableView>
                    <navigationItem key="navigationItem" title="Country Manage" id="SWJ-Os-nEN">
                        <barButtonItem key="leftBarButtonItem" systemItem="add" id="7rW-FO-uTd">
                            <connections>
                                <action selector="insertCountry:" destination="IZN-Y3-Nhm" id="zht-zL-GVc"/>
                            </connections>
                        </barButtonItem>
                    </navigationItem>
                </tableViewController>
                <placeholder placeholderIdentifier="IBFirstResponder" id="Swq-qG-N5h" userLabel="First Responder" sceneMemberID="firstResponder"/>
            </objects>
            <point key="canvasLocation" x="822" y="-109"/>
        </scene>
        <!--Navigation Controller-->
        <scene sceneID="4Vz-MG-51j">
            <objects>
                <navigationController automaticallyAdjustsScrollViewInsets="NO" id="81j-aD-GrS" sceneMemberID="viewController">
                    <toolbarItems/>
                    <navigationBar key="navigationBar" contentMode="scaleToFill" id="7JD-3f-e9p">
                        <rect key="frame" x="0.0" y="0.0" width="375" height="44"/>
                        <autoresizingMask key="autoresizingMask"/>
                    </navigationBar>
                    <nil name="viewControllers"/>
                    <connections>
                        <segue destination="IZN-Y3-Nhm" kind="relationship" relationship="rootViewController" id="Vkh-rb-4uo"/>
                    </connections>
                </navigationController>
                <placeholder placeholderIdentifier="IBFirstResponder" id="D1x-xQ-S3x" userLabel="First Responder" sceneMemberID="firstResponder"/>
            </objects>
            <point key="canvasLocation" x="-319.19999999999999" y="-114.69265367316342"/>
        </scene>
    </scenes>
</document>
